name,transfer_activity,Track,Music,time
Solana Days #005,3,7,5,165
Solana Days #357,10,7,5,165
Solana Days #160,1,7,5,165
Solana Days #217,2,7,5,165
Solana Days #212,1,7,5,165
Solana Days #066,3,7,5,165
Solana Days #087,1,7,5,165
Solana Days #025,4,7,5,165
Solana Days #352,2,7,5,165
Solana Days #035,6,7,5,165
Solana Days #193,1,7,5,165
Solana Days #403,2,7,5,165
Solana Days #154,1,7,5,165
Solana Days #302,14,7,5,165
Solana Days #060,1,7,5,165
Solana Days #254,13,7,5,165
Solana Days #104,4,7,5,165
Solana Days #131,2,7,5,165
Solana Days #246,1,7,5,165
Solana Days #347,4,7,5,165
Solana Days #051,4,7,5,165
Solana Days #168,8,7,5,165
Solana Days #119,1,7,5,165
Solana Days #047,26,7,5,165
Solana Days #202,6,7,5,165
Solana Days #065,3,7,5,165
Solana Days #250,1,7,5,165
Solana Days #259,3,7,5,165
Solana Days #342,2,7,5,165
Solana Days #318,1,7,5,165
Solana Days #169,1,7,5,165
Solana Days #349,2,7,5,165
Solana Days #236,7,7,5,165
Solana Days #248,1,7,5,165
Solana Days #382,2,7,5,165
Solana Days #086,1,7,5,165
Solana Days #323,5,7,5,165
Solana Days #079,3,7,5,165
Solana Days #252,1,7,5,165
Solana Days #223,2,7,5,165
Solana Days #386,2,7,5,165
Solana Days #046,5,7,5,165
Solana Days #309,3,7,5,165
Solana Days #339,1,7,5,165
Solana Days #277,12,7,5,165
Solana Days #404,12,7,5,165
Solana Days #343,3,7,5,165
Solana Days #159,1,7,5,165
Solana Days #036,11,7,5,165
Solana Days #276,4,7,5,165
Solana Days #290,1,7,5,165
Solana Days #134,5,7,5,165
Solana Days #044,4,7,5,165
Solana Days #091,2,7,5,165
Solana Days #409,8,7,5,165
Solana Days #122,1,7,5,165
Solana Days #219,2,7,5,165
Solana Days #163,7,7,5,165
Solana Days #380,3,7,5,165
Solana Days #306,3,7,5,165
Solana Days #351,2,7,5,165
Solana Days #062,1,7,5,165
Solana Days #188,1,7,5,165
Solana Days #365,1,7,5,165
Solana Days #270,6,7,5,165
Solana Days #111,2,7,5,165
Solana Days #391,2,7,5,165
Solana Days #373,1,7,5,165
Solana Days #040,1,7,5,165
Solana Days #371,8,7,5,165
Solana Days #416,1,7,5,165
Solana Days #298,2,7,5,165
Solana Days #413,3,7,5,165
Solana Days #120,4,7,5,165
Solana Days #041,3,7,5,165
Solana Days #069,1,7,5,165
Solana Days #407,1,7,5,165
Solana Days #048,2,7,5,165
Solana Days #189,1,7,5,165
Solana Days #221,1,7,5,165
Solana Days #125,4,7,5,165
Solana Days #230,1,7,5,165
Solana Days #326,1,7,5,165
Solana Days #356,8,7,5,165
Solana Days #124,2,7,5,165
Solana Days #214,2,7,5,165
Solana Days #003,5,7,5,165
Solana Days #415,1,7,5,165
Solana Days #313,6,7,5,165
Solana Days #034,1,7,5,165
Solana Days #238,2,7,5,165
Solana Days #329,1,7,5,165
Solana Days #226,4,7,5,165
Solana Days #394,15,7,5,165
Solana Days #110,3,7,5,165
Solana Days #348,3,7,5,165
Solana Days #126,2,7,5,165
Solana Days #255,7,7,5,165
Solana Days #190,1,7,5,165
Solana Days #385,4,7,5,165
Solana Days #081,3,7,5,165
Solana Days #011,7,7,5,165
Solana Days #170,1,7,5,165
Solana Days #141,1,7,5,165
Solana Days #411,10,7,5,165
Solana Days #262,4,7,5,165
Solana Days #132,3,7,5,165
Solana Days #269,5,7,5,165
Solana Days #406,3,7,5,165
Solana Days #324,1,7,5,165
Solana Days #408,5,7,5,165
Solana Days #264,3,7,5,165
Solana Days #288,2,7,5,165
Solana Days #014,7,7,5,165
Solana Days #213,1,7,5,165
Solana Days #150,3,7,5,165
Solana Days #029,3,7,5,165
Solana Days #013,6,7,5,165
Solana Days #138,2,7,5,165
Solana Days #220,6,7,5,165
Solana Days #241,1,7,5,165
Solana Days #199,1,7,5,165
Solana Days #099,1,7,5,165
Solana Days #123,3,7,5,165
Solana Days #232,2,7,5,165
Solana Days #218,3,7,5,165
Solana Days #103,1,7,5,165
Solana Days #274,7,7,5,165
Solana Days #083,2,7,5,165
Solana Days #058,1,7,5,165
Solana Days #369,3,7,5,165
Solana Days #287,2,7,5,165
Solana Days #175,2,7,5,165
Solana Days #173,2,7,5,165
Solana Days #268,7,7,5,165
Solana Days #247,7,7,5,165
Solana Days #195,9,7,5,165
Solana Days #361,5,7,5,165
Solana Days #085,1,7,5,165
Solana Days #229,3,7,5,165
Solana Days #370,2,7,5,165
Solana Days #183,19,7,5,165
Solana Days #237,1,7,5,165
Solana Days #108,3,7,5,165
Solana Days #308,1,7,5,165
Solana Days #112,3,7,5,165
Solana Days #400,1,7,5,165
Solana Days #392,1,7,5,165
Solana Days #109,4,7,5,165
Solana Days #006,3,7,5,165
Solana Days #028,2,7,5,165
Solana Days #067,1,7,5,165
Solana Days #293,1,7,5,165
Solana Days #320,10,7,5,165
Solana Days #080,17,7,5,165
Solana Days #184,4,7,5,165
Solana Days #260,1,7,5,165
Solana Days #281,2,7,5,165
Solana Days #249,7,7,5,165
Solana Days #115,4,7,5,165
Solana Days #187,3,7,5,165
Solana Days #207,2,7,5,165
Solana Days #280,5,7,5,165
Solana Days #358,2,7,5,165
Solana Days #284,3,7,5,165
Solana Days #012,6,7,5,165
Solana Days #301,5,7,5,165
Solana Days #334,1,7,5,165
Solana Days #346,4,7,5,165
Solana Days #075,8,7,5,165
Solana Days #383,1,7,5,165
Solana Days #027,1,7,5,165
Solana Days #327,2,7,5,165
Solana Days #074,1,7,5,165
Solana Days #162,5,7,5,165
Solana Days #389,3,7,5,165
Solana Days #253,1,7,5,165
Solana Days #136,2,7,5,165
Solana Days #258,1,7,5,165
Solana Days #412,1,7,5,165
Solana Days #242,10,7,5,165
Solana Days #267,1,7,5,165
Solana Days #121,3,7,5,165
Solana Days #384,2,7,5,165
Solana Days #078,1,7,5,165
Solana Days #316,2,7,5,165
Solana Days #341,2,7,5,165
Solana Days #196,3,7,5,165
Solana Days #402,10,7,5,165
Solana Days #401,5,7,5,165
Solana Days #244,6,7,5,165
Solana Days #004,4,7,5,165
Solana Days #059,1,7,5,165
Solana Days #282,1,7,5,165
Solana Days #372,1,7,5,165
Solana Days #106,3,7,5,165
Solana Days #192,5,7,5,165
Solana Days #235,2,7,5,165
Solana Days #019,3,7,5,165
Solana Days #021,1,7,5,165
Solana Days #364,4,7,5,165
Solana Days #020,1,7,5,165
Solana Days #018,11,7,5,165
Solana Days #330,1,7,5,165
Solana Days #273,2,7,5,165
Solana Days #152,1,7,5,165
Solana Days #179,1,7,5,165
Solana Days #174,1,7,5,165
Solana Days #307,3,7,5,165
Solana Days #417,2,7,5,165
Solana Days #068,6,7,5,165
Solana Days #166,3,7,5,165
Solana Days #296,1,7,5,165
Solana Days #256,4,7,5,165
Solana Days #393,4,7,5,165
Solana Days #414,8,7,5,165
Solana Days #304,2,7,5,165
Solana Days #328,1,7,5,165
Solana Days #117,2,7,5,165
Solana Days #350,2,7,5,165
Solana Days #338,1,7,5,165
Solana Days #056,2,7,5,165
Solana Days #286,2,7,5,165
Solana Days #049,6,7,5,165
Solana Days #206,1,7,5,165
Solana Days #331,1,7,5,165
Solana Days #118,3,7,5,165
Solana Days #337,5,7,5,165
Solana Days #378,3,7,5,165
Solana Days #057,3,7,5,165
Solana Days #201,2,7,5,165
Solana Days #344,1,7,5,165
Solana Days #007,4,7,5,165
Solana Days #311,3,7,5,165
Solana Days #374,5,7,5,165
Solana Days #336,3,7,5,165
Solana Days #149,1,7,5,165
Solana Days #222,1,7,5,165
Solana Days #261,1,7,5,165
Solana Days #113,1,7,5,165
Solana Days #181,3,7,5,165
Solana Days #084,1,7,5,165
Solana Days #398,7,7,5,165
Solana Days #205,4,7,5,165
Solana Days #139,2,7,5,165
Solana Days #072,2,7,5,165
Solana Days #243,1,7,5,165
Solana Days #263,1,7,5,165
Solana Days #420,3,7,5,165
Solana Days #322,2,7,5,165
Solana Days #071,2,7,5,165
Solana Days #418,1,7,5,165
Solana Days #082,2,7,5,165
Solana Days #266,1,7,5,165
Solana Days #292,1,7,5,165
Solana Days #233,5,7,5,165
Solana Days #077,12,7,5,165
Solana Days #303,1,7,5,165
Solana Days #377,1,7,5,165
Solana Days #198,1,7,5,165
Solana Days #315,4,7,5,165
Solana Days #397,3,7,5,165
Solana Days #182,1,7,5,165
Solana Days #294,2,7,5,165
Solana Days #245,2,7,5,165
Solana Days #297,1,7,5,165
Solana Days #208,1,7,5,165
Solana Days #419,5,7,5,165
Solana Days #204,1,7,5,165
Solana Days #197,1,7,5,165
Solana Days #135,1,7,5,165
Solana Days #317,1,7,5,165
Solana Days #272,3,7,5,165
Solana Days #375,3,7,5,165
Solana Days #390,1,7,5,165
Solana Days #185,1,7,5,165
Solana Days #321,2,7,5,165
Solana Days #088,5,7,5,165
Solana Days #002,1,7,5,165
Solana Days #355,1,7,5,165
Solana Days #295,6,7,5,165
Solana Days #405,1,7,5,165
Solana Days #360,7,7,5,165
Solana Days #008,4,7,5,165
Solana Days #043,3,7,5,165
Solana Days #143,6,7,5,165
Solana Days #146,8,7,5,165
Solana Days #299,1,7,5,165
Solana Days #133,2,7,5,165
Solana Days #353,2,7,5,165
Solana Days #161,3,7,5,165
Solana Days #094,1,7,5,165
Solana Days #017,10,7,5,165
Solana Days #142,8,7,5,165
Solana Days #037,3,7,5,165
Solana Days #147,3,7,5,165
Solana Days #289,9,7,5,165
Solana Days #031,3,7,5,165
Solana Days #158,1,7,5,165
Solana Days #305,3,7,5,165
Solana Days #039,1,7,5,165
Solana Days #363,3,7,5,165
Solana Days #022,1,7,5,165
Solana Days #319,2,7,5,165
Solana Days #053,1,7,5,165
Solana Days #155,3,7,5,165
Solana Days #310,25,7,5,165
Solana Days #090,5,7,5,165
Solana Days #097,3,7,5,165
Solana Days #052,8,7,5,165
Solana Days #157,1,7,5,165
Solana Days #381,3,7,5,165
Solana Days #033,2,7,5,165
Solana Days #379,1,7,5,165
Solana Days #257,1,7,5,165
Solana Days #194,3,7,5,165
Solana Days #042,2,7,5,165
Solana Days #137,1,7,5,165
Solana Days #340,1,7,5,165
Solana Days #368,1,7,5,165
Solana Days #234,1,7,5,165
Solana Days #367,1,7,5,165
Solana Days #240,1,7,5,165
Solana Days #335,3,7,5,165
Solana Days #396,3,7,5,165
Solana Days #227,5,7,5,165
Solana Days #180,6,7,5,165
Solana Days #271,10,7,5,165
Solana Days #073,1,7,5,165
Solana Days #063,1,7,5,165
Solana Days #015,4,7,5,165
Solana Days #092,1,7,5,165
Solana Days #001,1,7,5,165
Solana Days #009,1,7,5,165
Solana Days #200,2,7,5,165
Solana Days #076,2,7,5,165
Solana Days #038,2,7,5,165
Solana Days #024,1,7,5,165
Solana Days #010,14,7,5,165
Solana Days #156,2,7,5,165
Solana Days #312,1,7,5,165
Solana Days #032,2,7,5,165
Solana Days #070,3,7,5,165
Solana Days #224,2,7,5,165
Solana Days #095,3,7,5,165
Solana Days #177,7,7,5,165
Solana Days #105,11,7,5,165
Solana Days #186,1,7,5,165
Solana Days #300,4,7,5,165
Solana Days #388,2,7,5,165
Solana Days #098,1,7,5,165
Solana Days #054,1,7,5,165
Solana Days #172,3,7,5,165
Solana Days #114,1,7,5,165
Solana Days #093,2,7,5,165
Solana Days #178,6,7,5,165
Solana Days #153,6,7,5,165
Solana Days #345,2,7,5,165
Solana Days #395,7,7,5,165
Solana Days #026,1,7,5,165
Solana Days #140,1,7,5,165
Solana Days #354,1,7,5,165
Solana Days #130,2,7,5,165
Solana Days #030,6,7,5,165
Solana Days #285,3,7,5,165
Solana Days #410,7,7,5,165
Solana Days #231,1,7,5,165
Solana Days #129,2,7,5,165
Solana Days #128,1,7,5,165
Solana Days #359,1,7,5,165
Solana Days #211,2,7,5,165
Solana Days #215,2,7,5,165
Solana Days #145,3,7,5,165
Solana Days #089,2,7,5,165
Solana Days #239,5,7,5,165
Solana Days #023,1,7,5,165
Solana Days #127,3,7,5,165
Solana Days #216,8,7,5,165
Solana Days #332,1,7,5,165
Solana Days #165,3,7,5,165
Solana Days #148,4,7,5,165
Solana Days #050,3,7,5,165
Solana Days #283,3,7,5,165
Solana Days #376,2,7,5,165
Solana Days #102,4,7,5,165
Solana Days #176,2,7,5,165
Solana Days #055,3,7,5,165
Solana Days #387,2,7,5,165
Solana Days #191,3,7,5,165
Solana Days #061,1,7,5,165
Solana Days #275,2,7,5,165
Solana Days #164,8,7,5,165
Solana Days #116,1,7,5,165
Solana Days #210,9,7,5,165
Solana Days #100,2,7,5,165
Solana Days #171,3,7,5,165
Solana Days #362,1,7,5,165
Solana Days #144,2,7,5,165
Solana Days #278,3,7,5,165
Solana Days #366,3,7,5,165
Solana Days #096,4,7,5,165
Solana Days #203,1,7,5,165
Solana Days #399,3,7,5,165
Solana Days #291,8,7,5,165
Solana Days #325,1,7,5,165
Solana Days #107,1,7,5,165
Solana Days #279,1,7,5,165
Solana Days #045,3,7,5,165
Solana Days #228,1,7,5,165
Solana Days #225,2,7,5,165
Solana Days #167,5,7,5,165
Solana Days #333,1,7,5,165
Solana Days #314,1,7,5,165
Solana Days #209,4,7,5,165
Solana Days #064,3,7,5,165
Solana Days #016,1,7,5,165
Solana Days #265,1,7,5,165
Solana Days #101,1,7,5,165
Solana Days #251,1,7,5,165
Solana Days #151,12,7,5,165
Go Ape Go #128,3,5,0,408
Go Ape Go #282,1,5,0,408
Go Ape Go #349,3,5,0,408
Go Ape Go #334,1,5,0,408
Go Ape Go #246,2,5,0,408
Go Ape Go #136,3,5,0,408
Go Ape Go #344,2,5,0,408
Go Ape Go #070,1,5,0,408
Go Ape Go #372,2,5,0,408
Go Ape Go #325,1,5,0,408
Go Ape Go #206,2,5,0,408
Go Ape Go #048,2,5,0,408
Go Ape Go #166,1,5,0,408
Go Ape Go #117,2,5,0,408
Go Ape Go #031,1,5,0,408
Go Ape Go #250,1,5,0,408
Go Ape Go #097,2,5,0,408
Go Ape Go #073,2,5,0,408
Go Ape Go #195,1,5,0,408
Go Ape Go #115,2,5,0,408
Go Ape Go #171,2,5,0,408
Go Ape Go #178,2,5,0,408
Go Ape Go #034,2,5,0,408
Go Ape Go #414,1,5,0,408
Go Ape Go #343,3,5,0,408
Go Ape Go #261,1,5,0,408
Go Ape Go #191,2,5,0,408
Go Ape Go #024,3,5,0,408
Go Ape Go #416,4,5,0,408
Go Ape Go #401,4,5,0,408
Go Ape Go #302,2,5,0,408
Go Ape Go #045,2,5,0,408
Go Ape Go #366,1,5,0,408
Go Ape Go #055,1,5,0,408
Go Ape Go #255,2,5,0,408
Go Ape Go #217,2,5,0,408
Go Ape Go #335,2,5,0,408
Go Ape Go #022,3,5,0,408
Go Ape Go #065,1,5,0,408
Go Ape Go #357,1,5,0,408
Go Ape Go #326,1,5,0,408
Go Ape Go #333,1,5,0,408
Go Ape Go #040,2,5,0,408
Go Ape Go #007,1,5,0,408
Go Ape Go #056,2,5,0,408
Go Ape Go #099,2,5,0,408
Go Ape Go #009,1,5,0,408
Go Ape Go #253,2,5,0,408
Go Ape Go #304,2,5,0,408
Go Ape Go #362,1,5,0,408
Go Ape Go #123,2,5,0,408
Go Ape Go #369,1,5,0,408
Go Ape Go #296,5,5,0,408
Go Ape Go #239,1,5,0,408
Go Ape Go #052,1,5,0,408
Go Ape Go #288,1,5,0,408
Go Ape Go #181,1,5,0,408
Go Ape Go #060,4,5,0,408
Go Ape Go #260,3,5,0,408
Go Ape Go #016,1,5,0,408
Go Ape Go #295,2,5,0,408
Go Ape Go #162,1,5,0,408
Go Ape Go #088,1,5,0,408
Go Ape Go #107,3,5,0,408
Go Ape Go #210,4,5,0,408
Go Ape Go #032,2,5,0,408
Go Ape Go #207,2,5,0,408
Go Ape Go #192,2,5,0,408
Go Ape Go #103,2,5,0,408
Go Ape Go #309,3,5,0,408
Go Ape Go #215,2,5,0,408
Go Ape Go #004,2,5,0,408
Go Ape Go #298,1,5,0,408
Go Ape Go #051,1,5,0,408
Go Ape Go #168,2,5,0,408
Go Ape Go #185,2,5,0,408
Go Ape Go #086,2,5,0,408
Go Ape Go #003,3,5,0,408
Go Ape Go #057,7,5,0,408
Go Ape Go #242,3,5,0,408
Go Ape Go #272,2,5,0,408
Go Ape Go #291,1,5,0,408
Go Ape Go #409,1,5,0,408
Go Ape Go #235,1,5,0,408
Go Ape Go #108,3,5,0,408
Go Ape Go #378,2,5,0,408
Go Ape Go #299,1,5,0,408
Go Ape Go #177,2,5,0,408
Go Ape Go #093,1,5,0,408
Go Ape Go #328,1,5,0,408
Go Ape Go #038,2,5,0,408
Go Ape Go #105,1,5,0,408
Go Ape Go #375,3,5,0,408
Go Ape Go #254,1,5,0,408
Go Ape Go #330,2,5,0,408
Go Ape Go #233,1,5,0,408
Go Ape Go #273,2,5,0,408
Go Ape Go #275,2,5,0,408
Go Ape Go #118,1,5,0,408
Go Ape Go #187,3,5,0,408
Go Ape Go #221,2,5,0,408
Go Ape Go #371,5,5,0,408
Go Ape Go #355,2,5,0,408
Go Ape Go #069,5,5,0,408
Go Ape Go #391,3,5,0,408
Go Ape Go #014,2,5,0,408
Go Ape Go #046,1,5,0,408
Go Ape Go #276,2,5,0,408
Go Ape Go #354,1,5,0,408
Go Ape Go #019,1,5,0,408
Go Ape Go #058,2,5,0,408
Go Ape Go #131,2,5,0,408
Go Ape Go #397,3,5,0,408
Go Ape Go #252,1,5,0,408
Go Ape Go #412,2,5,0,408
Go Ape Go #198,2,5,0,408
Go Ape Go #418,1,5,0,408
Go Ape Go #245,1,5,0,408
Go Ape Go #197,3,5,0,408
Go Ape Go #204,1,5,0,408
Go Ape Go #219,1,5,0,408
Go Ape Go #230,1,5,0,408
Go Ape Go #262,2,5,0,408
Go Ape Go #226,2,5,0,408
Go Ape Go #364,5,5,0,408
Go Ape Go #406,3,5,0,408
Go Ape Go #145,2,5,0,408
Go Ape Go #062,4,5,0,408
Go Ape Go #321,3,5,0,408
Go Ape Go #095,3,5,0,408
Go Ape Go #222,3,5,0,408
Go Ape Go #120,1,5,0,408
Go Ape Go #410,2,5,0,408
Go Ape Go #292,3,5,0,408
Go Ape Go #164,4,5,0,408
Go Ape Go #130,1,5,0,408
Go Ape Go #396,4,5,0,408
Go Ape Go #202,1,5,0,408
Go Ape Go #043,1,5,0,408
Go Ape Go #179,6,5,0,408
Go Ape Go #358,3,5,0,408
Go Ape Go #025,1,5,0,408
Go Ape Go #001,2,5,0,408
Go Ape Go #077,2,5,0,408
Go Ape Go #257,1,5,0,408
Go Ape Go #142,3,5,0,408
Go Ape Go #300,2,5,0,408
Go Ape Go #163,1,5,0,408
Go Ape Go #071,4,5,0,408
Go Ape Go #196,2,5,0,408
Go Ape Go #243,3,5,0,408
Go Ape Go #417,2,5,0,408
Go Ape Go #186,1,5,0,408
Go Ape Go #036,1,5,0,408
Go Ape Go #064,1,5,0,408
Go Ape Go #013,1,5,0,408
Go Ape Go #044,1,5,0,408
Go Ape Go #101,1,5,0,408
Go Ape Go #015,3,5,0,408
Go Ape Go #348,1,5,0,408
Go Ape Go #053,3,5,0,408
Go Ape Go #165,2,5,0,408
Go Ape Go #263,2,5,0,408
Go Ape Go #012,4,5,0,408
Go Ape Go #132,2,5,0,408
Go Ape Go #402,2,5,0,408
Go Ape Go #212,2,5,0,408
Go Ape Go #021,1,5,0,408
Go Ape Go #112,1,5,0,408
Go Ape Go #384,2,5,0,408
Go Ape Go #336,1,5,0,408
Go Ape Go #400,1,5,0,408
Go Ape Go #398,2,5,0,408
Go Ape Go #331,2,5,0,408
Go Ape Go #313,1,5,0,408
Go Ape Go #377,2,5,0,408
Go Ape Go #002,1,5,0,408
Go Ape Go #072,4,5,0,408
Go Ape Go #144,4,5,0,408
Go Ape Go #381,1,5,0,408
Go Ape Go #363,1,5,0,408
Go Ape Go #323,2,5,0,408
Go Ape Go #078,1,5,0,408
Go Ape Go #133,3,5,0,408
Go Ape Go #125,2,5,0,408
Go Ape Go #138,1,5,0,408
Go Ape Go #365,1,5,0,408
Go Ape Go #047,2,5,0,408
Go Ape Go #380,2,5,0,408
Go Ape Go #153,3,5,0,408
Go Ape Go #224,3,5,0,408
Go Ape Go #005,1,5,0,408
Go Ape Go #026,1,5,0,408
Go Ape Go #061,1,5,0,408
Go Ape Go #279,1,5,0,408
Go Ape Go #167,1,5,0,408
Go Ape Go #249,1,5,0,408
Go Ape Go #231,1,5,0,408
Go Ape Go #268,1,5,0,408
Go Ape Go #284,1,5,0,408
Go Ape Go #157,5,5,0,408
Go Ape Go #068,1,5,0,408
Go Ape Go #216,1,5,0,408
Go Ape Go #407,2,5,0,408
Go Ape Go #082,2,5,0,408
Go Ape Go #085,1,5,0,408
Go Ape Go #084,1,5,0,408
Go Ape Go #267,2,5,0,408
Go Ape Go #148,3,5,0,408
Go Ape Go #294,2,5,0,408
Go Ape Go #147,2,5,0,408
Go Ape Go #238,1,5,0,408
Go Ape Go #054,3,5,0,408
Go Ape Go #227,1,5,0,408
Dude on the Dance Floor #056,7,2,2,114
Dude on the Dance Floor #418,2,2,2,114
Dude on the Dance Floor #116,2,2,2,114
Dude on the Dance Floor #399,2,2,2,114
Dude on the Dance Floor #335,5,2,2,114
Dude on the Dance Floor #319,2,2,2,114
Dude on the Dance Floor #121,2,2,2,114
Dude on the Dance Floor #140,4,2,2,114
Dude on the Dance Floor #224,1,2,2,114
Dude on the Dance Floor #125,1,2,2,114
Dude on the Dance Floor #388,1,2,2,114
Dude on the Dance Floor #297,3,2,2,114
Dude on the Dance Floor #272,2,2,2,114
Dude on the Dance Floor #414,10,2,2,114
Dude on the Dance Floor #249,3,2,2,114
Dude on the Dance Floor #309,1,2,2,114
Dude on the Dance Floor #345,1,2,2,114
Dude on the Dance Floor #295,1,2,2,114
Dude on the Dance Floor #154,2,2,2,114
Dude on the Dance Floor #114,2,2,2,114
Dude on the Dance Floor #012,4,2,2,114
Dude on the Dance Floor #308,2,2,2,114
Dude on the Dance Floor #347,3,2,2,114
Dude on the Dance Floor #108,1,2,2,114
Dude on the Dance Floor #357,1,2,2,114
Dude on the Dance Floor #419,1,2,2,114
Dude on the Dance Floor #061,2,2,2,114
Dude on the Dance Floor #300,2,2,2,114
Dude on the Dance Floor #333,2,2,2,114
Dude on the Dance Floor #375,2,2,2,114
Dude on the Dance Floor #343,5,2,2,114
Dude on the Dance Floor #122,2,2,2,114
Dude on the Dance Floor #001,2,2,2,114
Dude on the Dance Floor #349,1,2,2,114
Dude on the Dance Floor #115,1,2,2,114
Dude on the Dance Floor #318,1,2,2,114
Dude on the Dance Floor #135,3,2,2,114
Dude on the Dance Floor #008,1,2,2,114
Dude on the Dance Floor #094,2,2,2,114
Dude on the Dance Floor #247,1,2,2,114
Dude on the Dance Floor #102,2,2,2,114
Dude on the Dance Floor #348,2,2,2,114
Dude on the Dance Floor #014,3,2,2,114
Dude on the Dance Floor #059,2,2,2,114
Dude on the Dance Floor #286,2,2,2,114
Dude on the Dance Floor #324,1,2,2,114
Dude on the Dance Floor #035,2,2,2,114
Dude on the Dance Floor #372,1,2,2,114
Dude on the Dance Floor #267,5,2,2,114
Dude on the Dance Floor #304,6,2,2,114
Dude on the Dance Floor #306,2,2,2,114
Dude on the Dance Floor #143,1,2,2,114
Dude on the Dance Floor #344,7,2,2,114
Dude on the Dance Floor #152,2,2,2,114
Dude on the Dance Floor #354,4,2,2,114
Dude on the Dance Floor #113,2,2,2,114
Dude on the Dance Floor #213,1,2,2,114
Dude on the Dance Floor #251,2,2,2,114
Dude on the Dance Floor #158,2,2,2,114
Dude on the Dance Floor #139,2,2,2,114
Dude on the Dance Floor #112,4,2,2,114
Dude on the Dance Floor #240,2,2,2,114
Dude on the Dance Floor #081,1,2,2,114
Dude on the Dance Floor #411,1,2,2,114
Dude on the Dance Floor #379,2,2,2,114
Dude on the Dance Floor #336,1,2,2,114
Dude on the Dance Floor #124,3,2,2,114
Dude on the Dance Floor #355,3,2,2,114
Dude on the Dance Floor #229,1,2,2,114
Dude on the Dance Floor #082,1,2,2,114
Dude on the Dance Floor #299,4,2,2,114
Dude on the Dance Floor #367,6,2,2,114
Dude on the Dance Floor #258,1,2,2,114
Dude on the Dance Floor #252,2,2,2,114
Dude on the Dance Floor #024,1,2,2,114
Dude on the Dance Floor #331,4,2,2,114
Dude on the Dance Floor #242,1,2,2,114
Dude on the Dance Floor #107,3,2,2,114
Dude on the Dance Floor #117,3,2,2,114
Slumberville #070,4,6,4,160
Slumberville #133,5,6,4,160
Slumberville #116,2,6,4,160
Slumberville #158,3,6,4,160
Slumberville #147,1,6,4,160
Slumberville #007,1,6,4,160
Slumberville #032,4,6,4,160
Slumberville #164,2,6,4,160
Slumberville #033,2,6,4,160
Slumberville #168,2,6,4,160
Slumberville #208,2,6,4,160
Slumberville #034,2,6,4,160
Slumberville #049,2,6,4,160
Slumberville #326,5,6,4,160
Slumberville #028,1,6,4,160
Slumberville #119,1,6,4,160
Slumberville #150,3,6,4,160
Slumberville #201,2,6,4,160
Slumberville #121,1,6,4,160
Slumberville #159,1,6,4,160
Slumberville #131,1,6,4,160
Slumberville #134,1,6,4,160
Slumberville #059,4,6,4,160
Slumberville #167,1,6,4,160
Slumberville #211,5,6,4,160
Slumberville #036,2,6,4,160
Slumberville #114,1,6,4,160
Slumberville #109,3,6,4,160
Slumberville #107,2,6,4,160
Slumberville #001,2,6,4,160
Slumberville #165,1,6,4,160
Slumberville #056,3,6,4,160
Slumberville #126,3,6,4,160
Slumberville #194,1,6,4,160
Slumberville #026,2,6,4,160
Slumberville #080,2,6,4,160
Slumberville #195,1,6,4,160
Slumberville #006,1,6,4,160
Slumberville #057,1,6,4,160
Slumberville #117,1,6,4,160
Balance #333,3,1,3,135
Balance #343,2,1,3,135
Balance #357,3,1,3,135
Balance #335,1,1,3,135
Balance #386,2,1,3,135
Balance #252,2,1,3,135
Balance #050,2,1,3,135
Balance #099,3,1,3,135
Balance #397,1,1,3,135
Balance #412,6,1,3,135
Balance #348,1,1,3,135
Balance #368,2,1,3,135
Balance #327,3,1,3,135
Balance #016,3,1,3,135
Balance #275,1,1,3,135
Balance #365,1,1,3,135
Balance #323,2,1,3,135
Balance #410,1,1,3,135
Balance #373,5,1,3,135
Balance #001,1,1,3,135
Balance #294,1,1,3,135
Balance #367,1,1,3,135
Balance #378,2,1,3,135
Balance #331,1,1,3,135
Balance #088,4,1,3,135
Balance #061,1,1,3,135
Balance #398,3,1,3,135
Balance #371,2,1,3,135
Balance #362,1,1,3,135
Balance #045,1,1,3,135
Balance #317,6,1,3,135
Balance #401,4,1,3,135
Balance #272,2,1,3,135
Balance #358,1,1,3,135
Balance #054,2,1,3,135
Balance #085,1,1,3,135
Balance #103,2,1,3,135
Balance #220,1,1,3,135
Balance #366,4,1,3,135
Balance #309,1,1,3,135
Balance #406,5,1,3,135
Balance #353,2,1,3,135
Balance #010,3,1,3,135
Balance #097,2,1,3,135
Balance #296,2,1,3,135
Balance #403,2,1,3,135
Balance #073,3,1,3,135
Balance #414,2,1,3,135
Balance #411,1,1,3,135
Balance #344,1,1,3,135
Balance #076,1,1,3,135
Balance #363,1,1,3,135
Balance #409,3,1,3,135
Balance #322,2,1,3,135
Balance #066,3,1,3,135
Balance #036,1,1,3,135
Step In Flow #078,1,8,3,189
Step In Flow #155,1,8,3,189
Step In Flow #086,2,8,3,189
Step In Flow #113,1,8,3,189
Step In Flow #142,2,8,3,189
Step In Flow #171,1,8,3,189
Step In Flow #132,2,8,3,189
Step In Flow #309,2,8,3,189
Step In Flow #243,4,8,3,189
Step In Flow #124,2,8,3,189
Step In Flow #092,2,8,3,189
Step In Flow #215,1,8,3,189
Step In Flow #157,1,8,3,189
Step In Flow #031,2,8,3,189
Step In Flow #225,5,8,3,189
Step In Flow #052,1,8,3,189
Step In Flow #037,1,8,3,189
Step In Flow #250,1,8,3,189
Step In Flow #085,4,8,3,189
Step In Flow #274,5,8,3,189
Step In Flow #120,2,8,3,189
Step In Flow #062,2,8,3,189
Step In Flow #255,2,8,3,189
Step In Flow #193,3,8,3,189
Step In Flow #179,2,8,3,189
Step In Flow #146,1,8,3,189
Step In Flow #200,1,8,3,189
Step In Flow #158,1,8,3,189
Step In Flow #151,1,8,3,189
Step In Flow #140,2,8,3,189
Step In Flow #160,2,8,3,189
Step In Flow #068,1,8,3,189
Step In Flow #161,1,8,3,189
Step In Flow #129,2,8,3,189
Step In Flow #177,2,8,3,189
Step In Flow #216,2,8,3,189
Step In Flow #043,1,8,3,189
Step In Flow #141,1,8,3,189
Step In Flow #162,2,8,3,189
Step In Flow #311,1,8,3,189
Step In Flow #032,1,8,3,189
Step In Flow #149,3,8,3,189
Step In Flow #152,2,8,3,189
Step In Flow #147,1,8,3,189
Step In Flow #266,3,8,3,189
Step In Flow #213,1,8,3,189
Step In Flow #195,1,8,3,189
Step In Flow #016,2,8,3,189
Step In Flow #267,1,8,3,189
Step In Flow #014,3,8,3,189
Step In Flow #214,2,8,3,189
Step In Flow #135,1,8,3,189
Step In Flow #172,3,8,3,189
Step In Flow #128,1,8,3,189
Step In Flow #235,1,8,3,189
Step In Flow #180,1,8,3,189
Step In Flow #281,3,8,3,189
Step In Flow #138,3,8,3,189
Step In Flow #101,1,8,3,189
Step In Flow #182,1,8,3,189
Step In Flow #176,2,8,3,189
Step In Flow #051,1,8,3,189
Step In Flow #110,1,8,3,189
Step In Flow #251,3,8,3,189
Step In Flow #175,3,8,3,189
First Flight #258,1,3,1,144
First Flight #216,1,3,1,144
First Flight #251,1,3,1,144
First Flight #049,1,3,1,144
First Flight #260,1,3,1,144
First Flight #253,2,3,1,144
First Flight #242,1,3,1,144
First Flight #256,1,3,1,144
First Flight #010,3,3,1,144
First Flight #153,2,3,1,144
First Flight #025,1,3,1,144
First Flight #118,2,3,1,144
First Flight #252,2,3,1,144
First Flight #246,1,3,1,144
First Flight #245,1,3,1,144
First Flight #254,1,3,1,144
First Flight #244,1,3,1,144
First Flight #250,1,3,1,144
First Flight #239,2,3,1,144
First Flight #223,1,3,1,144
First Flight #213,1,3,1,144
First Flight #240,2,3,1,144
First Flight #149,2,3,1,144
First Flight #024,2,3,1,144
First Flight #234,1,3,1,144
First Flight #235,3,3,1,144
First Flight #110,2,3,1,144
First Flight #224,1,3,1,144
First Flight #129,5,3,1,144
First Flight #226,1,3,1,144
First Flight #125,3,3,1,144
First Flight #232,1,3,1,144
First Flight #243,3,3,1,144
First Flight #233,2,3,1,144
First Flight #281,2,3,1,144
First Flight #220,2,3,1,144
First Flight #023,5,3,1,144
First Flight #112,2,3,1,144
First Flight #228,1,3,1,144
First Flight #028,2,3,1,144
First Flight #236,2,3,1,144
First Flight #257,1,3,1,144
First Flight #006,3,3,1,144
First Flight #008,1,3,1,144
First Flight #146,2,3,1,144
First Flight #248,2,3,1,144
First Flight #138,2,3,1,144
The Beat Bop #159,2,9,4,131
The Beat Bop #012,1,9,4,131
The Beat Bop #308,3,9,4,131
The Beat Bop #312,1,9,4,131
The Beat Bop #123,3,9,4,131
The Beat Bop #411,1,9,4,131
The Beat Bop #073,2,9,4,131
The Beat Bop #085,3,9,4,131
The Beat Bop #274,5,9,4,131
The Beat Bop #341,2,9,4,131
The Beat Bop #304,2,9,4,131
The Beat Bop #265,3,9,4,131
The Beat Bop #118,1,9,4,131
The Beat Bop #311,2,9,4,131
The Beat Bop #264,2,9,4,131
The Beat Bop #244,2,9,4,131
The Beat Bop #057,1,9,4,131
The Beat Bop #367,3,9,4,131
The Beat Bop #317,3,9,4,131
The Beat Bop #237,5,9,4,131
The Beat Bop #240,3,9,4,131
The Beat Bop #058,5,9,4,131
The Beat Bop #313,1,9,4,131
The Beat Bop #226,3,9,4,131
The Beat Bop #109,1,9,4,131
The Beat Bop #061,3,9,4,131
The Beat Bop #216,3,9,4,131
The Beat Bop #309,2,9,4,131
The Beat Bop #246,3,9,4,131
The Path Beyond #321,1,10,7,132
The Path Beyond #014,2,10,7,132
The Path Beyond #308,2,10,7,132
The Path Beyond #388,1,10,7,132
The Path Beyond #083,3,10,7,132
The Path Beyond #330,1,10,7,132
The Path Beyond #137,2,10,7,132
The Path Beyond #351,2,10,7,132
The Path Beyond #015,3,10,7,132
The Path Beyond #224,1,10,7,132
The Path Beyond #275,1,10,7,132
The Path Beyond #045,4,10,7,132
The Path Beyond #159,3,10,7,132
The Path Beyond #313,3,10,7,132
The Path Beyond #269,1,10,7,132
The Path Beyond #326,1,10,7,132
The Path Beyond #259,2,10,7,132
The Path Beyond #277,1,10,7,132
The Path Beyond #353,2,10,7,132
The Path Beyond #215,5,10,7,132
The Path Beyond #417,1,10,7,132
The Path Beyond #001,10,10,7,132
The Path Beyond #294,4,10,7,132
The Path Beyond #296,2,10,7,132
The Path Beyond #226,4,10,7,132
The Path Beyond #233,2,10,7,132
The Path Beyond #043,2,10,7,132
The Path Beyond #265,1,10,7,132
The Path Beyond #024,1,10,7,132
The Path Beyond #340,2,10,7,132
The Path Beyond #246,2,10,7,132
The Path Beyond #244,2,10,7,132
The Path Beyond #141,1,10,7,132
The Path Beyond #258,2,10,7,132
The Path Beyond #216,1,10,7,132
The Path Beyond #362,1,10,7,132
The Path Beyond #361,4,10,7,132
The Path Beyond #034,1,10,7,132
The Path Beyond #396,1,10,7,132
The Path Beyond #268,1,10,7,132
The Path Beyond #393,3,10,7,132
Funky Ghosts #275,2,4,2,127
Funky Ghosts #200,1,4,2,127
Funky Ghosts #349,1,4,2,127
Funky Ghosts #246,5,4,2,127
Funky Ghosts #227,1,4,2,127
Funky Ghosts #187,1,4,2,127
Funky Ghosts #156,4,4,2,127
Funky Ghosts #218,1,4,2,127
Funky Ghosts #262,1,4,2,127
Funky Ghosts #125,3,4,2,127
Funky Ghosts #102,3,4,2,127
Funky Ghosts #319,3,4,2,127
Funky Ghosts #082,1,4,2,127
Funky Ghosts #340,1,4,2,127
Funky Ghosts #056,2,4,2,127
Funky Ghosts #254,2,4,2,127
Funky Ghosts #237,2,4,2,127
Funky Ghosts #067,2,4,2,127
Funky Ghosts #360,2,4,2,127
Funky Ghosts #372,3,4,2,127
Funky Ghosts #233,2,4,2,127
Funky Ghosts #339,4,4,2,127
Funky Ghosts #258,1,4,2,127
Funky Ghosts #346,2,4,2,127
Funky Ghosts #264,1,4,2,127
Funky Ghosts #399,2,4,2,127
Funky Ghosts #358,2,4,2,127
Funky Ghosts #352,1,4,2,127
Funky Ghosts #219,5,4,2,127
Funky Ghosts #279,1,4,2,127
Funky Ghosts #090,4,4,2,127
Funky Ghosts #230,5,4,2,127
Funky Ghosts #214,3,4,2,127
Funky Ghosts #253,2,4,2,127
Funky Ghosts #074,1,4,2,127
Funky Ghosts #256,1,4,2,127
Funky Ghosts #265,2,4,2,127
Funky Ghosts #229,2,4,2,127
Funky Ghosts #359,5,4,2,127
Funky Ghosts #065,2,4,2,127
Funky Ghosts #190,2,4,2,127
Funky Ghosts #401,1,4,2,127
Funky Ghosts #221,1,4,2,127
Funky Ghosts #406,2,4,2,127
Funky Ghosts #261,3,4,2,127
Funky Ghosts #210,2,4,2,127
Funky Ghosts #373,1,4,2,127
Funky Ghosts #092,1,4,2,127
Funky Ghosts #084,1,4,2,127
Funky Ghosts #379,2,4,2,127
Funky Ghosts #333,3,4,2,127
Funky Ghosts #287,2,4,2,127
Funky Ghosts #213,2,4,2,127
Funky Ghosts #160,2,4,2,127
Funky Ghosts #226,1,4,2,127
Funky Ghosts #234,1,4,2,127
Funky Ghosts #260,2,4,2,127
Funky Ghosts #324,1,4,2,127
Funky Ghosts #411,2,4,2,127
Funky Ghosts #370,1,4,2,127
Funky Ghosts #110,2,4,2,127
Funky Ghosts #228,1,4,2,127
Funky Ghosts #334,3,4,2,127
Funky Ghosts #061,1,4,2,127
Funky Ghosts #392,1,4,2,127
Funky Ghosts #064,2,4,2,127
Funky Ghosts #257,2,4,2,127
Funky Ghosts #069,4,4,2,127
Unlimited #094,1,11,6,152
Unlimited #243,2,11,6,152
Unlimited #397,1,11,6,152
Unlimited #032,1,11,6,152
Unlimited #419,5,11,6,152
Unlimited #223,3,11,6,152
Unlimited #159,1,11,6,152
Unlimited #069,1,11,6,152
Unlimited #010,1,11,6,152
Unlimited #237,1,11,6,152
Unlimited #068,1,11,6,152
Unlimited #217,3,11,6,152
Unlimited #139,2,11,6,152
Unlimited #258,2,11,6,152
Unlimited #262,1,11,6,152
Unlimited #373,1,11,6,152
Unlimited #060,3,11,6,152
Unlimited #384,2,11,6,152
Unlimited #271,2,11,6,152
Unlimited #287,5,11,6,152
Unlimited #305,2,11,6,152
Unlimited #008,1,11,6,152
Unlimited #281,2,11,6,152
Unlimited #286,1,11,6,152
Unlimited #310,2,11,6,152
Unlimited #055,2,11,6,152
Unlimited #113,4,11,6,152
Unlimited #216,1,11,6,152
Unlimited #099,2,11,6,152
Unlimited #416,1,11,6,152
Unlimited #028,5,11,6,152
Unlimited #278,1,11,6,152
Unlimited #221,4,11,6,152
Unlimited #385,3,11,6,152
Unlimited #100,2,11,6,152
Unlimited #049,2,11,6,152
Unlimited #231,1,11,6,152
Unlimited #266,2,11,6,152
Unlimited #273,2,11,6,152
Unlimited #043,3,11,6,152
Unlimited #377,1,11,6,152
Unlimited #240,2,11,6,152
Unlimited #106,1,11,6,152
Unlimited #058,2,11,6,152
Unlimited #252,1,11,6,152
Unlimited #386,2,11,6,152
Unlimited #034,1,11,6,152
Unlimited #306,3,11,6,152
Unlimited #013,1,11,6,152
Unlimited #101,1,11,6,152
A New Dawn #192,2,0,3,183
A New Dawn #074,3,0,3,183
A New Dawn #071,2,0,3,183
A New Dawn #107,2,0,3,183
A New Dawn #121,4,0,3,183
A New Dawn #209,2,0,3,183
A New Dawn #117,1,0,3,183
A New Dawn #076,2,0,3,183
A New Dawn #067,1,0,3,183
A New Dawn #120,2,0,3,183
A New Dawn #324,3,0,3,183
A New Dawn #147,3,0,3,183
A New Dawn #047,5,0,3,183
A New Dawn #124,1,0,3,183
A New Dawn #083,1,0,3,183
A New Dawn #131,2,0,3,183
A New Dawn #155,5,0,3,183
A New Dawn #058,3,0,3,183
A New Dawn #009,2,0,3,183
A New Dawn #176,1,0,3,183
A New Dawn #039,2,0,3,183
A New Dawn #101,4,0,3,183
A New Dawn #038,1,0,3,183
A New Dawn #110,4,0,3,183
A New Dawn #168,2,0,3,183
A New Dawn #189,3,0,3,183
A New Dawn #157,2,0,3,183
A New Dawn #113,3,0,3,183
A New Dawn #140,1,0,3,183
A New Dawn #160,1,0,3,183
A New Dawn #015,1,0,3,183
A New Dawn #056,2,0,3,183
A New Dawn #141,5,0,3,183
A New Dawn #028,1,0,3,183
A New Dawn #092,5,0,3,183
A New Dawn #116,2,0,3,183
A New Dawn #060,1,0,3,183
A New Dawn #166,1,0,3,183
